{
  "id": "ecommerce-jewelry-001",
  "name": "E-Commerce Jewelry Platform",
  "description": "Modern e-commerce platform for selling handmade jewelry. Target audience is women aged 25-45. Features include product catalog, shopping cart, Stripe payment integration, and user accounts.",
  "status": "published",
  "projectType": "website",
  "conversationId": null,
  "workflowId": null,
  "createdBy": "alice@example.com",
  "technicalLead": null,
  "estimatedComplexity": "medium",
  "targetLaunchDate": "2025-06-01T00:00:00Z",
  "tags": ["e-commerce", "jewelry", "stripe", "responsive"],
  "epics": [
    {
      "id": "epic-1",
      "title": "Product Catalog",
      "description": "Complete product browsing and search functionality with filters and pagination",
      "priority": "high",
      "status": "pending",
      "stories": [
        {
          "id": "story-1-1",
          "title": "Product Listing Page",
          "description": "Display products in a responsive grid with images, titles, prices, and ratings. Support pagination and basic filtering.",
          "status": "ready",
          "assignedPersonas": [],
          "acceptanceCriteria": [
            {
              "id": "criteria-1-1-1",
              "description": "Grid displays 12 products per page with responsive layout (4 columns desktop, 2 tablet, 1 mobile)",
              "completed": false,
              "isBlocking": true
            },
            {
              "id": "criteria-1-1-2",
              "description": "Products show: image (lazy-loaded), title, price, average rating",
              "completed": false,
              "isBlocking": true
            },
            {
              "id": "criteria-1-1-3",
              "description": "Pagination controls navigate between pages smoothly",
              "completed": false,
              "isBlocking": true
            },
            {
              "id": "criteria-1-1-4",
              "description": "Page load time < 2 seconds on 4G connection",
              "completed": false,
              "isBlocking": false
            }
          ],
          "priority": "high",
          "tags": ["frontend", "responsive", "performance"],
          "comments": [],
          "createdAt": "2025-11-15T10:00:00Z",
          "updatedAt": "2025-11-15T10:00:00Z"
        },
        {
          "id": "story-1-2",
          "title": "Product Detail Page",
          "description": "Show complete product information with image gallery, detailed description, pricing, and add-to-cart functionality.",
          "status": "ready",
          "assignedPersonas": [],
          "acceptanceCriteria": [
            {
              "id": "criteria-1-2-1",
              "description": "Image gallery with 3-5 product images, main image with zoom on hover",
              "completed": false,
              "isBlocking": true
            },
            {
              "id": "criteria-1-2-2",
              "description": "Display: title, price, description, materials, dimensions, care instructions",
              "completed": false,
              "isBlocking": true
            },
            {
              "id": "criteria-1-2-3",
              "description": "Add to cart button updates cart count in header within 200ms",
              "completed": false,
              "isBlocking": true
            },
            {
              "id": "criteria-1-2-4",
              "description": "Handle out-of-stock items: disable button, show 'Out of Stock' message",
              "completed": false,
              "isBlocking": true
            }
          ],
          "priority": "high",
          "tags": ["frontend", "product-detail", "cart"],
          "comments": [],
          "createdAt": "2025-11-15T10:05:00Z",
          "updatedAt": "2025-11-15T10:05:00Z"
        },
        {
          "id": "story-1-3",
          "title": "Product Search",
          "description": "Implement search functionality with auto-complete and result highlighting.",
          "status": "ready",
          "assignedPersonas": [],
          "acceptanceCriteria": [
            {
              "id": "criteria-1-3-1",
              "description": "Search bar in header with auto-complete dropdown showing top 5 matches",
              "completed": false,
              "isBlocking": true
            },
            {
              "id": "criteria-1-3-2",
              "description": "Search results page shows matching products with highlighted search terms",
              "completed": false,
              "isBlocking": true
            },
            {
              "id": "criteria-1-3-3",
              "description": "Search completes in < 500ms for database of 10,000 products",
              "completed": false,
              "isBlocking": false
            }
          ],
          "priority": "medium",
          "tags": ["frontend", "search", "performance"],
          "comments": [],
          "createdAt": "2025-11-15T10:10:00Z",
          "updatedAt": "2025-11-15T10:10:00Z"
        }
      ],
      "estimatedStories": 5,
      "completedStories": 0,
      "createdAt": "2025-11-15T10:00:00Z",
      "updatedAt": "2025-11-15T10:10:00Z"
    },
    {
      "id": "epic-2",
      "title": "Shopping Cart & Checkout",
      "description": "Complete shopping cart functionality and checkout flow with payment processing",
      "priority": "critical",
      "status": "pending",
      "stories": [
        {
          "id": "story-2-1",
          "title": "Shopping Cart UI",
          "description": "Implement shopping cart page showing items, quantities, subtotal, and checkout button.",
          "status": "ready",
          "assignedPersonas": [],
          "acceptanceCriteria": [
            {
              "id": "criteria-2-1-1",
              "description": "Cart displays: product image, title, price, quantity selector, subtotal",
              "completed": false,
              "isBlocking": true
            },
            {
              "id": "criteria-2-1-2",
              "description": "Quantity updates recalculate subtotal and total immediately",
              "completed": false,
              "isBlocking": true
            },
            {
              "id": "criteria-2-1-3",
              "description": "Remove item button with confirmation prompt",
              "completed": false,
              "isBlocking": true
            },
            {
              "id": "criteria-2-1-4",
              "description": "Cart persists in localStorage, survives page reload",
              "completed": false,
              "isBlocking": false
            }
          ],
          "priority": "critical",
          "tags": ["frontend", "cart", "state-management"],
          "comments": [],
          "createdAt": "2025-11-15T10:15:00Z",
          "updatedAt": "2025-11-15T10:15:00Z"
        },
        {
          "id": "story-2-2",
          "title": "Checkout Flow",
          "description": "Multi-step checkout: shipping info, payment, review & confirm.",
          "status": "ready",
          "assignedPersonas": [],
          "acceptanceCriteria": [
            {
              "id": "criteria-2-2-1",
              "description": "Step 1: Shipping form with validation (name, address, city, zip, phone)",
              "completed": false,
              "isBlocking": true
            },
            {
              "id": "criteria-2-2-2",
              "description": "Step 2: Stripe payment integration with test mode support",
              "completed": false,
              "isBlocking": true
            },
            {
              "id": "criteria-2-2-3",
              "description": "Step 3: Review page showing order summary before confirmation",
              "completed": false,
              "isBlocking": true
            },
            {
              "id": "criteria-2-2-4",
              "description": "Order confirmation page after successful payment",
              "completed": false,
              "isBlocking": true
            },
            {
              "id": "criteria-2-2-5",
              "description": "Email notification sent on order completion",
              "completed": false,
              "isBlocking": false
            }
          ],
          "priority": "critical",
          "tags": ["frontend", "checkout", "payment", "stripe"],
          "comments": [],
          "createdAt": "2025-11-15T10:20:00Z",
          "updatedAt": "2025-11-15T10:20:00Z"
        }
      ],
      "estimatedStories": 3,
      "completedStories": 0,
      "createdAt": "2025-11-15T10:15:00Z",
      "updatedAt": "2025-11-15T10:20:00Z"
    },
    {
      "id": "epic-3",
      "title": "User Accounts",
      "description": "User registration, login, profile management, and order history",
      "priority": "medium",
      "status": "pending",
      "stories": [
        {
          "id": "story-3-1",
          "title": "User Registration & Login",
          "description": "Implement user authentication with email/password and social login options.",
          "status": "ready",
          "assignedPersonas": [],
          "acceptanceCriteria": [
            {
              "id": "criteria-3-1-1",
              "description": "Registration form: email, password (8+ chars, 1 uppercase, 1 number), confirm password",
              "completed": false,
              "isBlocking": true
            },
            {
              "id": "criteria-3-1-2",
              "description": "Login form with 'Remember Me' and 'Forgot Password' options",
              "completed": false,
              "isBlocking": true
            },
            {
              "id": "criteria-3-1-3",
              "description": "Password reset via email with secure token",
              "completed": false,
              "isBlocking": true
            },
            {
              "id": "criteria-3-1-4",
              "description": "Optional: Google OAuth integration",
              "completed": false,
              "isBlocking": false
            }
          ],
          "priority": "medium",
          "tags": ["frontend", "backend", "auth", "security"],
          "comments": [],
          "createdAt": "2025-11-15T10:25:00Z",
          "updatedAt": "2025-11-15T10:25:00Z"
        }
      ],
      "estimatedStories": 3,
      "completedStories": 0,
      "createdAt": "2025-11-15T10:25:00Z",
      "updatedAt": "2025-11-15T10:25:00Z"
    }
  ],
  "createdAt": "2025-11-15T10:00:00Z",
  "publishedAt": "2025-11-15T11:00:00Z",
  "updatedAt": "2025-11-15T11:00:00Z"
}

