{
  "id": "world_class_webapp_development_workflow",
  "name": "World-Class Web Application Development Workflow — Sprint-Based (v3.0)",
  "steps": [
    {
      "id": "step_0_sprint_planning",
      "persona_id": "project_coordinator_persona",
      "order": 0,
      "label": "Sprint Planning — Load Project & Assign Stories",
      "metadata": {
        "phase": "sprint_start",
        "requires_mcp_tools": ["project_get", "story_list_by_status", "story_update_status"]
      }
    },
    {
      "id": "step_1_architecture_design",
      "persona_id": "architect_persona",
      "order": 1,
      "label": "Architecture Design Phase",
      "metadata": {
        "parallel_group": "planning_phase"
      }
    },
    {
      "id": "step_2_creative_design",
      "persona_id": "creative_designer_persona",
      "order": 2,
      "label": "Design System & UX Phase",
      "metadata": {
        "parallel_group": "planning_phase"
      }
    },
    {
      "id": "step_3_backend_development",
      "persona_id": "backend_engineer_persona",
      "order": 3,
      "label": ".NET Backend Development and API Integration"
    },
    {
      "id": "step_4_frontend_development",
      "persona_id": "astro_react_frontend_developer",
      "order": 4,
      "label": "Frontend Implementation & Integration"
    },
    {
      "id": "step_5_devops_integration",
      "persona_id": "devops_engineer_persona",
      "order": 5,
      "label": "DevOps IaC and CI/CD Automation"
    },
    {
      "id": "step_6_accessibility_qa",
      "persona_id": "accessibility_qa_reviewer",
      "order": 6,
      "label": "Accessibility & Functional QA Review",
      "metadata": {
        "cycle_group": "qa_cycle"
      }
    },
    {
      "id": "step_7_performance_audit",
      "persona_id": "performance_auditor_persona",
      "order": 7,
      "label": "Performance Audit and Optimization",
      "metadata": {
        "cycle_group": "qa_cycle"
      }
    },
    {
      "id": "step_8_content_sync",
      "persona_id": "content_editor_persona",
      "order": 8,
      "label": "Content Synchronization and Manifest Validation"
    },
    {
      "id": "step_9_sprint_review",
      "persona_id": "project_coordinator_persona",
      "order": 9,
      "label": "Sprint Review — Mark Stories Done & Generate Report",
      "metadata": {
        "phase": "sprint_end",
        "requires_mcp_tools": ["story_mark_criteria_complete", "story_update_status", "story_add_comment"]
      }
    },
    {
      "id": "step_10_release_coordination",
      "persona_id": "project_coordinator_persona",
      "order": 10,
      "label": "Release Preparation and Coordination",
      "condition": "sprint_goals_met AND confidence_score >= 0.9",
      "metadata": {
        "phase": "release"
      }
    }
  ],
  "execution_spec": {
    "description": "Enterprise-ready sprint-based mixed workflow orchestrating all personas for world-class web application delivery. Each sprint iteration includes planning, execution, QA cycles, and review phases. Project Coordinator manages backlog via MCP tools, assigns stories to personas, and tracks completion.",
    "flow_pattern": "sprint_iterative",
    "sprint_duration": "2 weeks",
    "parallel_details": {
      "parallel_steps": [
        "step_1_architecture_design",
        "step_2_creative_design"
      ],
      "merge_strategy": "all"
    },
    "cycle_details": {
      "cycle_steps": [
        "step_6_accessibility_qa",
        "step_7_performance_audit"
      ],
      "exit_condition": "accessibility_score >= 0.9 AND lighthouse_score >= 90 AND confidence_score >= 0.9",
      "max_iterations": 5
    },
    "cycle_metrics": {
      "accessibility_score": {
        "source": "accessibility_qa_reviewer.accessibility_qa_report.metrics.accessibility_score",
        "target_threshold": 0.9
      },
      "lighthouse_score": {
        "source": "performance_auditor_persona.performance_audit_report.lighthouse.score",
        "target_threshold": 90
      },
      "confidence_score": {
        "aggregation": "min",
        "sources": [
          "accessibility_qa_reviewer.accessibility_qa_report.metadata.confidence_score",
          "performance_auditor_persona.performance_audit_report.metadata.confidence_score"
        ]
      }
    },
    "confidence_strategy": {
      "scope": "qa_cycle",
      "aggregation": "min",
      "sources": [
        "accessibility_qa_reviewer",
        "performance_auditor_persona"
      ]
    },
    "cycle_limits": {
      "max_iterations": 5,
      "respect_persona_retry_policies": true
    },
    "cycle_fallback": {
      "on_exhausted": {
        "status": "failed",
        "route_to_step": "step_9_release_coordination",
        "note": "Mark release as blocked and require human validation before proceeding."
      }
    },
    "conditional_branches": [
      {
        "condition": "accessibility_score < 0.9",
        "target_step": "step_6_accessibility_qa",
        "description": "Re-run accessibility and QA checks."
      },
      {
        "condition": "lighthouse_score < 90",
        "target_step": "step_7_performance_audit",
        "description": "Re-run performance audit and optimization."
      }
    ],
    "post_cycle": {
      "handoff_step": "step_9_sprint_review",
      "expected_inputs": [
        "accessibility_qa_reviewer.accessibility_qa_report",
        "performance_auditor_persona.performance_audit_report",
        "devops_engineer_persona.deployment_summary",
        "content_editor_persona.content_manifest"
      ]
    },
    "execution_guidance": "SPRINT-BASED EXECUTION:\n\n1. SPRINT START (Step 0): Project Coordinator loads project via project_get MCP tool, selects 'ready' stories via story_list_by_status, assigns them to personas, updates statuses to 'in_progress'.\n\n2. PLANNING PHASE: Run architecture and design personas in parallel (Steps 1-2) to establish technical foundation for sprint stories.\n\n3. DEVELOPMENT PHASE: Execute backend, frontend, and DevOps personas sequentially (Steps 3-5), working on assigned stories and meeting acceptance criteria.\n\n4. QA CYCLE: Enter QA-performance refinement cycle (Steps 6-7) until accessibility_score >= 0.9, lighthouse_score >= 90, confidence_score >= 0.9. Max 5 iterations.\n\n5. CONTENT SYNC: Validate and synchronize content manifest (Step 8).\n\n6. SPRINT REVIEW (Step 9): Project Coordinator validates all story acceptance criteria are met via story_mark_criteria_complete, updates stories to 'done' via story_update_status, generates sprint report with metrics and learnings.\n\n7. RELEASE (Step 10, conditional): If sprint goals met and confidence >= 0.9, proceed to production release with telemetry collection and artifact archival.\n\n8. NEXT SPRINT: Return to Step 0 to plan and execute next sprint iteration.\n\nAGGREGATION: Use min confidence rule across QA cycle personas. Project Coordinator tracks story-level progress and aggregates sprint metrics for continuous improvement."
  },
  "metadata": {
    "created_by": "workflow.bot@pilotframe.dev",
    "created_at": "2025-11-15T21:35:00Z",
    "template_version": "3.0",
    "workflow_version": "3.0",
    "region": "global",
    "project_complexity_index": "high",
    "sprint_based": true,
    "sprint_duration_weeks": 2,
    "requires_project_backlog": true,
    "requires_mcp_integration": true,
    "supports_personas": [
      "architect_persona",
      "creative_designer_persona",
      "backend_engineer_persona",
      "astro_react_frontend_developer",
      "devops_engineer_persona",
      "accessibility_qa_reviewer",
      "performance_auditor_persona",
      "content_editor_persona",
      "project_coordinator_persona"
    ],
    "updated_at": "2025-11-16T12:00:00Z"
  }
}